"last_name, first_name","player_id","year","hit","strikeout","walk","batting_avg","slg_percent","babip","r_total_stolen_base","b_gnd_into_dp","b_hit_by_pitch","b_hit_ground","xba",""
"Cabrera, Miguel","408234","2023","86","74","31",".257",".353",".317","0","11","2","27",".239",
"Cruz Jr., Nelson","443558","2023","35","46","6",".245",".399",".323","1","2","2","14",".240",
"Peralta, David","444482","2023","102","72","20",".259",".381",".296","4","8","2","39",".272",
"Longoria, Evan","446334","2023","47","73","23",".223",".422",".277","0","8","0","10",".228",
"Blackmon, Charlie","453568","2023","100","55","39",".279",".440",".307","4","6","11","25",".268",
"Maldonado, Martin","455117","2023","69","139","30",".191",".348",".260","0","10","3","15",".185",
"Solano, Donovan","456781","2023","111","100","40",".282",".391",".366","0","8","15","35",".280",
"McCutchen, Andrew","457705","2023","100","100","75",".256",".397",".312","11","8","4","35",".255",
"Turner, Justin","457759","2023","154","110","51",".276",".455",".304","4","10","11","33",".259",
"Votto, Joey","458015","2023","42","62","27",".202",".433",".212","0","2","7","15",".190",
"Andrus, Elvis","462101","2023","94","71","25",".251",".358",".294","12","11","4","46",".230",
"Santana, Carlos","467793","2023","132","104","65",".240",".429",".255","6","11","0","36",".236",
"Belt, Brandon","474832","2023","86","141","61",".254",".490",".370","0","5","2","20",".211",
"Gurriel, Yuli","493329","2023","73","44","26",".245",".359",".272","4","13","1","32",".234",
"Rojas, Miguel","500743","2023","91","48","26",".236",".322",".255","8","12","5","35",".251",
"Escobar, Eduardo","500871","2023","65","78","18",".226",".344",".286","2","7","0","19",".203",
"Pham, Tommy","502054","2023","109","106","47",".256",".446",".300","22","11","2","33",".282",
"Martinez, J.D.","502110","2023","117","149","34",".271",".572",".324","1","11","2","27",".269",
"Goldschmidt, Paul","502671","2023","159","161","87",".268",".447",".327","11","12","3","46",".267",
"Altuve, Jose","514888","2023","112","71","44",".311",".522",".348","14","9","5","47",".248",
"Segura, Jean","516416","2023","66","47","22",".219",".279",".251","6","12","2","39",".237",
"Marte, Starling","516782","2023","78","69","16",".248",".324",".303","24","8","8","31",".263",
"d'Arnaud, Travis","518595","2023","60","67","21",".225",".397",".258","0","6","3","15",".253",
"Donaldson, Josh","518626","2023","25","50","22",".152",".418",".115","0","6","0","7",".204",
"Freeman, Freddie","518692","2023","211","121","72",".331",".567",".370","23","14","16","39",".320",
"Grandal, Yasmani","518735","2023","85","86","36",".234",".339",".284","0","11","4","30",".216",
"Heyward, Jason","518792","2023","90","64","34",".269",".473",".291","2","7","3","26",".247",
"LeMahieu, DJ","518934","2023","121","125","60",".243",".390",".295","2","14","3","44",".252",
"Moustakas, Mike","519058","2023","87","95","23",".247",".392",".296","0","7","3","28",".213",
"Rizzo, Anthony","519203","2023","91","97","35",".244",".378",".298","0","10","12","19",".244",
"Stanton, Giancarlo","519317","2023","71","124","41",".191",".420",".210","0","11","2","18",".219",
"Perez, Salvador","521692","2023","137","135","19",".255",".422",".294","0","11","13","34",".264",
"Flores, Wilmer","527038","2023","115","63","41",".284",".509",".286","0","13","5","26",".256",
"Garcia, Avisail","541645","2023","20","39","6",".185",".315",".258","2","1","2","10",".227",
"Bethancourt, Christian","542194","2023","71","91","13",".225",".381",".278","1","6","0","26",".214",
"Perez, Carlos","542208","2023","38","40","13",".226",".357",".256","0","4","4","9",".254",
"Ozuna, Marcell","542303","2023","145","134","57",".274",".558",".293","0","9","3","34",".284",
"Ortega, Rafael","542364","2023","25","33","20",".219",".272",".300","6","0","1","9",".211",
"Aguilar, Jesus","542583","2023","23","31","8",".221",".385",".261","0","3","1","6",".184",
"Berti, Jon","542932","2023","114","77","29",".294",".405",".349","16","10","2","48",".280",
"Crawford, Brandon","543063","2023","55","81","28",".194",".314",".241","3","5","4","16",".217",
"Cron, C.J.","543068","2023","64","65","17",".248",".434",".284","0","13","1","17",".257",
"Gomes, Yan","543228","2023","102","81","21",".267",".408",".309","1","9","9","29",".257",
"Grossman, Robbie","543257","2023","84","98","57",".238",".394",".292","1","8","2","21",".222",
"Harrison, Josh","543281","2023","21","20","3",".204",".291",".229","0","2","6","6",".229",
"Hicks, Aaron","543305","2023","68","69","42",".253",".383",".311","6","3","0","29",".208",
"Higashioka, Kyle","543309","2023","57","74","14",".236",".413",".292","0","5","0","17",".237",
"Hosmer, Eric","543333","2023","22","25","6",".234",".330",".299","0","5","0","9",".203",
"McCann, James","543510","2023","46","57","9",".222",".377",".274","3","5","5","14",".259",
"Nola, Austin","543592","2023","19","31","18",".146",".192",".184","0","5","2","8",".195",
"Rendon, Anthony","543685","2023","35","27","25",".236",".318",".268","2","6","6","7",".263",
"Semien, Marcus","543760","2023","185","110","72",".276",".478",".291","14","5","5","49",".263",
"Springer III, George","543807","2023","158","125","60",".258",".405",".291","20","20","5","58",".262",
"Vazquez, Christian","543877","2023","73","82","25",".223",".318",".279","1","11","1","23",".221",
"Wong, Kolten","543939","2023","41","53","18",".183",".263",".218","3","1","5","14",".214",
"Vargas, Ildemaro","545121","2023","66","20","19",".252",".363",".259","1","10","1","27",".261",
"Grichuk, Randal","545341","2023","116","96","29",".267",".459",".309","2","11","6","33",".260",
"Trout, Mike","545361","2023","81","104","45",".263",".490",".335","2","4","7","21",".272",
"Harper, Bryce","547180","2023","134","119","80",".293",".499",".352","11","10","5","40",".287",
"Abreu, Jose","547989","2023","128","130","42",".237",".383",".276","0","16","6","48",".243",
"Diaz, Elias","553869","2023","130","118","34",".267",".409",".324","1","12","2","52",".243",
"Narvaez, Omar","553882","2023","27","27","14",".211",".297",".245","0","1","0","6",".252",
"Suarez, Eugenio","553993","2023","139","214","70",".232",".391",".314","2","10","15","33",".223",
"Urshela, Gio","570482","2023","64","36","10",".299",".374",".346","3","9","1","31",".255",
"Schoop, Jonathan","570731","2023","29","37","13",".213",".272",".287","0","6","0","12",".230",
"Arenado, Nolan","571448","2023","149","101","41",".266",".459",".279","3","21","3","41",".264",
"Barnhart, Tucker","571466","2023","22","42","12",".202",".257",".313","1","4","1","8",".176",
"Farmer, Kyle","571657","2023","86","86","23",".256",".408",".311","2","7","8","25",".249",
"Haniger, Mitch","571745","2023","44","65","15",".209",".365",".270","1","7","2","9",".244",
"Hernandez, Enrique","571771","2023","110","97","34",".237",".357",".273","4","17","3","35",".222",
"Maile, Luke","571912","2023","42","49","14",".235",".391",".290","2","8","5","10",".237",
"Muncy, Max","571970","2023","102","153","85",".212",".475",".221","1","8","6","18",".234",
"Myers, Wil","571976","2023","24","48","12",".189",".283",".273","2","3","0","7",".188",
"Pollock, AJ","572041","2023","22","32","9",".165",".308",".173","0","1","0","10",".200",
"Singleton, Jon","572138","2023","15","23","13",".165",".264",".194","0","2","0","4",".216",
"Taylor, Michael A.","572191","2023","78","130","26",".220",".442",".278","13","7","3","29",".222",
"Thompson, Trayce","572204","2023","25","77","24",".163",".294",".271","2","1","2","9",".163",
"Walker, Christian","572233","2023","150","127","62",".258",".497",".272","11","13","8","43",".250",
"Zunino, Mike","572287","2023","22","61","15",".177",".306",".317","0","3","1","10",".158",
"Carpenter, Matt","572761","2023","33","67","41",".176",".319",".231","1","2","2","6",".171",
"Dickerson, Corey","572816","2023","36","28","7",".250",".354",".296","0","3","0","12",".253",
"Yastrzemski, Mike","573262","2023","77","99","45",".233",".445",".286","2","5","3","16",".231",
"Contreras, Willson","575929","2023","113","111","51",".264",".467",".311","6","12","13","37",".279",
"Bryant, Kris","592178","2023","70","68","29",".233",".367",".270","0","6","6","14",".245",
"Canha, Mark","592192","2023","114","79","49",".262",".400",".293","11","11","17","43",".246",
"Castellanos, Nick","592206","2023","170","185","36",".272",".476",".337","11","17","3","51",".259",
"Drury, Brandon","592273","2023","127","136","25",".262",".497",".308","0","14","8","41",".253",
"Judge, Aaron","592450","2023","98","130","88",".267",".613",".300","3","5","0","19",".291",
"Machado, Manny","592518","2023","140","109","50",".258",".462",".268","3","20","2","49",".251",
"Pederson, Joc","592626","2023","84","89","57",".235",".416",".268","0","12","7","26",".263",
"Realmuto, J.T.","592663","2023","123","138","35",".252",".452",".307","16","10","9","34",".254",
"Renfroe, Hunter","592669","2023","116","125","44",".233",".416",".270","0","15","3","39",".224",
"Rosario, Eddie","592696","2023","122","122","34",".255",".450",".300","3","13","1","31",".254",
"Yelich, Christian","592885","2023","153","140","78",".278",".447",".342","28","15","3","63",".277",
"Merrifield, Whit","593160","2023","149","101","36",".272",".382",".313","26","15","3","51",".241",
"Bogaerts, Xander","593428","2023","170","110","56",".285",".440",".319","19","21","7","74",".252",
"Polanco, Jorge","593871","2023","77","88","36",".255",".454",".310","4","2","2","18",".252",
"Calhoun, Kole","594777","2023","34","37","13",".217",".376",".241","0","3","2","5",".234",
"Duvall, Adam","594807","2023","79","110","22",".247",".531",".299","4","0","6","17",".210",
"Kiermaier, Kevin","595281","2023","98","86","29",".265",".419",".321","14","9","4","37",".258",
"Wallach, Chad","595453","2023","31","57","13",".197",".376",".258","0","5","0","7",".207",
"Profar, Jurickson","595777","2023","111","90","50",".242",".368",".279","1","11","6","31",".245",
"Baez, Javier","595879","2023","113","125","24",".222",".325",".274","12","12","9","40",".238",
"Cave, Jake","595909","2023","39","55","15",".212",".348",".270","3","3","1","12",".204",
"Gallagher, Cam","595956","2023","18","46","4",".126",".168",".184","0","3","1","10",".152",
"Hedges, Austin","595978","2023","34","47","11",".184",".227",".236","1","7","2","16",".208",
"Lindor, Francisco","596019","2023","153","137","66",".254",".470",".277","31","8","12","38",".253",
"Odor, Rougned","596059","2023","28","37","17",".203",".355",".247","2","2","2","6",".239",
"Slater, Austin","596103","2023","50","58","20",".270",".400",".369","2","2","2","20",".253",
"Story, Trevor","596115","2023","32","55","9",".203",".316",".290","10","2","1","9",".208",
"Stubbs, Garrett","596117","2023","23","29","9",".204",".283",".265","2","0","2","11",".165",
"Vogelbach, Daniel","596129","2023","64","81","42",".233",".404",".282","0","6","2","18",".225",
"Sanchez, Gary","596142","2023","52","67","21",".217",".492",".212","0","3","4","18",".230",
"Kepler, Max","596146","2023","114","106","45",".260",".484",".288","1","9","4","33",".269",
"Choi, Ji Man","596847","2023","17","35","10",".163",".385",".169","0","2","1","1",".235",
"Bradley Jr., Jackie","598265","2023","14","29","5",".133",".210",".173","0","3","2","4",".183",
"Candelario, Jeimer","600869","2023","127","127","53",".251",".471",".292","8","11","13","29",".233",
"Urias, Ramon","602104","2023","95","101","27",".264",".375",".355","3","10","8","35",".223",
"Ahmed, Nick","605113","2023","42","52","12",".212",".303",".278","5","0","0","17",".225",
"Anderson, Brian","605119","2023","72","108","36",".226",".368",".309","1","10","4","22",".228",
"Barnes, Austin","605131","2023","32","43","17",".180",".242",".222","2","7","2","11",".211",
"Bell, Josh","605137","2023","135","134","63",".247",".419",".287","0","13","2","42",".263",
"Betts, Mookie","605141","2023","179","107","96",".307",".579",".316","14","5","8","36",".295",
"Caratini, Victor","605170","2023","52","45","19",".259",".383",".296","1","8","3","18",".252",
"Davis, J.D.","605204","2023","119","152","52",".248",".412",".320","1","16","6","46",".241",
"Castro, Harold","605612","2023","65","66","9",".252",".314",".332","1","5","0","21",".240",
"Arcia, Orlando","606115","2023","129","102","39",".264",".420",".301","1","14","3","52",".246",
"Tapia, Raimel","606132","2023","35","40","17",".236",".338",".302","10","2","1","15",".228",
"Hernandez, Teoscar","606192","2023","161","211","38",".258",".435",".342","7","6","8","56",".257",
"Marte, Ketel","606466","2023","157","109","71",".276",".485",".300","8","16","5","58",".266",
"Haase, Eric","606992","2023","55","81","17",".201",".281",".268","4","11","0","16",".218",
"Nimmo, Brandon","607043","2023","162","146","74",".274",".466",".324","3","6","11","58",".264",
"Peterson, Jace","607054","2023","79","101","47",".211",".307",".270","15","7","4","25",".213",
"Turner, Trea","607208","2023","170","150","45",".266",".459",".310","30","12","6","54",".266",
"Pillar, Kevin","607680","2023","45","50","6",".228",".416",".255","4","2","0","9",".255",
"Stallings, Jacob","607732","2023","46","67","27",".191",".286",".249","0","9","3","14",".189",
"Ramirez, Jose","608070","2023","172","73","73",".282",".475",".285","28","8","1","52",".297",
"Bregman, Alex","608324","2023","163","87","92",".262",".441",".270","3","22","8","45",".262",
"Gallo, Joey","608336","2023","50","142","48",".177",".440",".244","1","3","2","9",".154",
"Kelly, Carson","608348","2023","28","40","14",".206",".287",".274","1","2","0","9",".182",
"Seager, Corey","608369","2023","156","88","49",".327",".623",".340","2","9","4","46",".312",
"Winker, Jesse","608385","2023","33","51","26",".199",".247",".278","0","0","4","9",".201",
"Murphy, Tom","608596","2023","42","44","10",".290",".538",".358","0","4","1","16",".258",
"Jankowski, Travis","608671","2023","65","42","35",".263",".332",".311","19","6","2","32",".254",
"Refsnyder, Rob","608701","2023","50","47","33",".248",".317",".316","7","8","5","20",".258",
"Meneses, Joey","608841","2023","168","130","38",".275",".401",".329","0","15","5","70",".241",
"Swanson, Dansby","621020","2023","138","154","66",".244",".416",".297","9","9","5","45",".254",
"Newman, Kevin","621028","2023","57","34","17",".253",".364",".280","8","7","4","19",".271",
"Taylor, Chris","621035","2023","80","125","41",".237",".420",".327","16","2","4","15",".223",
"Correa, Carlos","621043","2023","118","131","59",".230",".399",".272","0","30","4","40",".250",
"Taylor, Tyrone","621438","2023","54","55","8",".234",".446",".263","9","10","3","5",".248",
"Buxton, Byron","621439","2023","63","109","35",".207",".438",".253","9","3","4","14",".214",
"Stewart, DJ","621466","2023","39","56","15",".244",".506",".298","1","3","7","10",".230",
"Ward, Taylor","621493","2023","90","80","39",".253",".421",".284","4","9","8","26",".252",
"Remillard, Zach","621545","2023","37","48","8",".252",".320",".367","4","3","1","21",".199",
"Wisdom, Patrick","621550","2023","55","111","30",".205",".500",".237","4","4","2","11",".217",
"Wendle, Joey","621563","2023","63","67","13",".212",".306",".264","7","8","2","28",".231",
"Olson, Matt","621566","2023","172","167","104",".283",".604",".302","1","13","4","47",".263",
"Duffy, Matt","622110","2023","48","39","12",".251",".325",".303","1","4","4","19",".266",
"Margot, Manuel","622534","2023","82","55","18",".264",".376",".306","9","6","4","36",".263",
"Reyes, Pablo","622569","2023","48","21","14",".287",".377",".315","7","3","0","20",".269",
"Mateo, Jorge","622761","2023","69","82","22",".217",".340",".267","32","8","1","28",".240",
"Ramirez, Harold","623912","2023","125","79","22",".313",".460",".359","5","7","6","63",".270",
"Santander, Anthony","623993","2023","152","152","55",".257",".472",".299","5","11","6","53",".235",
"Alonso, Pete","624413","2023","123","151","65",".217",".504",".205","4","17","21","24",".244",
"Arroyo, Christian","624414","2023","47","45","7",".241",".369",".295","1","8","1","19",".231",
"Biggio, Cavan","624415","2023","68","88","40",".235",".370",".304","5","0","7","22",".228",
"Conforto, Michael","624424","2023","97","106","53",".239",".384",".284","4","12","7","28",".244",
"Frazier, Adam","624428","2023","99","68","32",".240",".396",".258","11","4","4","22",".260",
"Trevino, Jose","624431","2023","33","22","8",".210",".312",".221","0","6","2","10",".245",
"McGuire, Reese","624512","2023","50","53","11",".267",".358",".366","2","2","1","17",".202",
"Soler, Jorge","624585","2023","126","141","66",".250",".512",".272","1","20","6","25",".262",
"Sosa, Edmundo","624641","2023","70","74","8",".251",".427",".306","4","10","9","20",".244",
"Ibanez, Andy","628451","2023","94","69","24",".264",".433",".300","1","7","1","38",".269",
"Cronenworth, Jake","630105","2023","105","97","46",".229",".378",".267","6","8","11","28",".236",
"Azocar, Jose","640492","2023","21","24","4",".231",".363",".292","8","2","2","5",".261",
"Anderson, Tim","641313","2023","121","122","26",".245",".296",".323","13","15","3","58",".250",
"Bauers, Jake","641343","2023","49","95","27",".202",".413",".268","3","3","0","8",".228",
"Bellinger, Cody","641355","2023","153","87","40",".307",".525",".319","20","7","5","47",".270",
"Calhoun, Willie","641432","2023","32","20","14",".239",".403",".245","0","2","0","10",".258",
"Crawford, J.P.","641487","2023","142","125","94",".266",".438",".314","2","7","5","38",".256",
"Davis, Jonathan","641505","2023","22","29","7",".244",".378",".328","1","1","2","6",".250",
"Delay, Jason","641511","2023","42","44","14",".251",".347",".333","0","5","3","12",".214",
"Fraley, Jake","641584","2023","86","71","37",".256",".443",".283","21","5","6","18",".261",
"Garver, Mitch","641598","2023","80","82","44",".270",".500",".313","0","6","3","17",".252",
"Guillorme, Luis","641645","2023","24","28","10",".224",".327",".291","0","4","0","6",".188",
"Hampson, Garrett","641658","2023","61","67","23",".276",".380",".379","5","3","3","24",".242",
"Heim, Jonah","641680","2023","118","96","40",".258",".438",".289","2","10","1","31",".254",
"Mancini III, Trey","641820","2023","55","78","21",".234",".336",".327","0","5","2","15",".212",
"McKinney, Billy","641856","2023","29","39","17",".227",".406",".274","1","1","1","7",".240",
"McMahon, Ryan","641857","2023","133","198","68",".240",".431",".326","5","19","1","35",".242",
"O'Neill, Tyler","641933","2023","55","67","28",".231",".403",".284","5","5","0","21",".249",
"Palacios, Joshua","641943","2023","59","56","12",".239",".413",".269","5","7","2","17",".257",
"Smith, Dominic","642086","2023","134","91","47",".254",".366",".286","1","12","10","46",".256",
"Tellez, Rowdy","642133","2023","67","86","35",".215",".376",".249","0","11","0","12",".232",
"Thaiss, Matt","642136","2023","56","83","36",".214",".340",".272","2","4","6","16",".228",
"Mejia, Francisco","642336","2023","34","38","6",".227",".400",".266","0","2","1","12",".203",
"Siri, Jose","642350","2023","75","130","20",".222",".494",".269","12","5","2","23",".214",
"Rosario, Amed","642708","2023","134","99","29",".263",".378",".314","15","15","3","53",".269",
"Adames, Willy","642715","2023","120","165","71",".217",".407",".259","5","12","6","29",".242",
"Estrada, Thairo","642731","2023","134","120","22",".271",".416",".331","23","10","11","50",".247",
"Wynns, Austin","642851","2023","27","39","9",".208",".277",".286","1","4","2","9",".181",
"Benintendi, Andrew","643217","2023","147","89","52",".262",".356",".301","13","12","3","40",".267",
"Cooper, Garrett","643265","2023","106","132","31",".251",".419",".324","0","15","2","28",".250",
"Dubon, Mauricio","643289","2023","130","70","19",".278",".411",".308","7","10","3","39",".274",
"Jansen, Danny","643376","2023","61","62","23",".228",".474",".233","0","3","10","15",".219",
"Kemp, Tony","643393","2023","75","40","44",".209",".304",".221","15","9","6","26",".238",
"Kiner-Falefa, Isiah","643396","2023","79","70","28",".242",".340",".289","14","12","3","33",".250",
"McNeil, Jeff","643446","2023","158","65","39",".270",".378",".288","10","5","18","58",".246",
"Tauchman, Mike","643565","2023","85","86","56",".252",".377",".313","7","3","4","25",".265",
"Chang, Yu","644374","2023","17","34","3",".162",".352",".169","4","2","2","4",".209",
"Albies, Ozzie","645277","2023","167","107","46",".280",".513",".289","13","9","8","39",".266",
"Robles, Victor","645302","2023","32","18","11",".299",".364",".360","8","3","4","16",".265",
"Herrera, Jose","645444","2023","21","30","13",".208",".257",".292","1","2","0","5",".206",
"Ford, Mike","645801","2023","50","81","24",".228",".475",".276","0","4","7","10",".199",
"Devers, Rafael","646240","2023","157","126","62",".271",".500",".292","5","15","11","42",".280",
"Naylor, Josh","647304","2023","139","68","33",".308",".489",".326","10","11","3","44",".290",
"Diaz, Aledmys","649557","2023","72","66","17",".229",".337",".273","1","14","7","29",".234",
"Urias, Luis","649966","2023","28","41","21",".194",".299",".250","0","4","10","12",".181",
"Arraez, Luis","650333","2023","203","34","35",".354",".469",".362","3","18","4","59",".325",
"Jimenez, Eloy","650391","2023","124","93","30",".272",".441",".305","0","13","1","50",".255",
"Torres, Gleyber","650402","2023","163","98","67",".273",".453",".288","13","19","3","51",".280",
"Castro, Willi","650489","2023","92","99","34",".257",".411",".328","33","5","12","34",".235",
"Diaz, Yandy","650490","2023","173","94","65",".330",".522",".367","0","16","8","75",".301",
"De La Cruz, Bryan","650559","2023","149","142","40",".257",".411",".307","4","18","1","38",".270",
"Rengifo, Luis","650859","2023","104","82","41",".264",".444",".293","6","3","6","41",".244",
"Pinto, Rene","650907","2023","26","34","2",".252",".456",".317","0","2","0","5",".253",
"Monasterio, Andruw","655316","2023","73","66","28",".259",".348",".326","7","9","3","20",".249",
"Adams, Riley","656180","2023","39","45","11",".273",".476",".368","0","5","2","11",".222",
"Chapman, Matt","656305","2023","122","165","62",".240",".424",".319","4","4","8","44",".229",
"Fairchild, Stuart","656413","2023","50","69","25",".228",".388",".306","10","2","6","12",".232",
"Garrett, Stone","656448","2023","63","82","26",".269",".457",".365","3","6","3","18",".258",
"Joe, Connor","656582","2023","102","110","50",".247",".421",".311","3","4","8","29",".246",
"McKinstry, Zach","656716","2023","107","113","44",".231",".351",".284","16","3","5","29",".245",
"Mullins II, Cedric","656775","2023","94","101","43",".233",".416",".271","19","6","1","29",".223",
"O'Hearn, Ryan","656811","2023","100","82","15",".289",".480",".340","5","2","3","34",".263",
"Rivera, Emmanuel","656896","2023","67","56","22",".261",".358",".313","1","9","0","25",".259",
"Schwarber, Kyle","656941","2023","115","215","126",".197",".474",".209","0","4","6","21",".219",
"Smith, Pavin","656976","2023","36","45","35",".188",".325",".209","1","3","1","15",".223",
"Thomas, Lane","657041","2023","168","176","36",".268",".468",".325","20","5","11","53",".254",
"Verdugo, Alex","657077","2023","144","93","45",".264",".421",".294","5","11","6","39",".275",
"Wong, Connor","657136","2023","87","134","22",".235",".385",".341","8","4","6","33",".208",
"DeJong, Paul","657557","2023","77","121","21",".207",".355",".264","4","10","5","21",".218",
"Laureano, Ramon","657656","2023","81","114","33",".224",".371",".301","12","9","9","32",".230",
"Sheets, Gavin","657757","2023","63","66","28",".203",".331",".222","1","6","1","19",".208",
"Olivares, Edward","658668","2023","93","64","22",".263",".452",".289","11","7","7","27",".272",
"Moncada, Yoan","660162","2023","87","107","20",".260",".425",".350","1","6","2","20",".259",
"Ohtani, Shohei","660271","2023","151","143","91",".304",".654",".342","20","9","3","49",".294",
"Acuna Jr., Ronald","660670","2023","217","84","80",".337",".596",".338","73","15","9","81",".356",
"Ruiz, Keibert","660688","2023","136","58","31",".260",".409",".263","1","13","6","39",".272",
"Montero, Elehuris","660707","2023","69","111","15",".243",".426",".352","0","5","5","26",".199",
"Gonzalez, Oscar","660757","2023","37","46","5",".214",".312",".278","0","2","1","18",".237",
"Sanchez, Jesus","660821","2023","91","107","38",".253",".450",".321","3","12","2","25",".268",
"Contreras, William","661388","2023","156","126","63",".289",".457",".348","6","23","5","68",".253",
"Varsho, Daulton","662139","2023","116","135","45",".220",".389",".256","16","5","4","39",".232",
"Perkins, Blake","663368","2023","31","46","23",".217",".350",".290","5","3","0","11",".194",
"Nootbaar, Lars","663457","2023","111","99","72",".261",".418",".307","11","7","1","46",".263",
"Nevin, Tyler","663527","2023","19","25","12",".200",".316",".246","0","1","3","8",".214",
"Hoerner, Nico","663538","2023","175","83","49",".283",".383",".312","43","12","14","69",".272",
"Riley, Austin","663586","2023","179","172","59",".281",".516",".324","3","18","9","60",".271",
"Madrigal, Nick","663611","2023","71","24","10",".263",".352",".283","10","3","9","30",".273",
"Larnach, Trevor","663616","2023","39","72","27",".213",".415",".295","1","2","0","12",".212",
"Mountcastle, Ryan","663624","2023","114","107","37",".270",".452",".315","3","13","3","44",".272",
"McKenna, Ryan","663630","2023","31","40","9",".254",".361",".354","5","4","3","15",".221",
"Hayes, Ke'Bryan","663647","2023","134","104","28",".271",".453",".315","10","11","0","50",".269",
"Tucker, Kyle","663656","2023","163","92","80",".284",".517",".289","30","11","3","49",".288",
"India, Jonathan","663697","2023","111","109","52",".244",".407",".281","14","13","16","34",".250",
"Raleigh, Cal","663728","2023","119","158","54",".232",".456",".273","0","6","1","28",".233",
"Fortes, Nick","663743","2023","60","59","17",".204",".299",".234","4","12","7","25",".215",
"Grisham, Trent","663757","2023","93","154","75",".198",".352",".264","15","7","5","22",".219",
"Vierling, Matt","663837","2023","125","112","44",".261",".388",".321","6","8","5","53",".266",
"Rivas III, Alfonso","663845","2023","25","36","9",".229",".422",".310","1","1","3","6",".216",
"Stephenson, Tyler","663886","2023","113","135","47",".243",".378",".314","0","16","4","36",".242",
"Rodgers, Brendan","663898","2023","46","41","11",".258",".388",".316","0","6","3","18",".252",
"Lowe, Nathaniel","663993","2023","163","165","93",".262",".414",".329","1","22","5","52",".260",
"Happ, Ian","664023","2023","144","153","99",".248",".431",".299","14","12","6","49",".251",
"France, Ty","664034","2023","147","117","43",".250",".366",".294","1","25","34","45",".266",
"Lowe, Brandon","664040","2023","87","119","50",".231",".443",".275","7","8","6","30",".232",
"Bader, Harrison","664056","2023","74","59","17",".232",".348",".261","20","7","3","25",".241",
"Haggerty, Sam","664059","2023","23","17","15",".253",".341",".301","10","0","1","9",".264",
"Moore, Dylan","664238","2023","30","56","16",".207",".428",".280","7","1","4","6",".202",
"Straw, Myles","664702","2023","110","97","42",".238",".297",".295","20","10","2","52",".241",
"Isbel, Kyle","664728","2023","70","59","17",".240",".380",".283","7","5","1","29",".244",
"Bohm, Alec","664761","2023","153","94","42",".274",".437",".296","4","23","5","47",".287",
"Wade Jr., LaMonte","664774","2023","110","95","76",".256",".417",".290","2","4","6","34",".262",
"Zavala, Seby","664874","2023","30","70","12",".171",".314",".230","1","4","2","3",".190",
"Brown, Seth","664913","2023","76","101","30",".222",".405",".270","3","6","2","20",".236",
"McCarthy, Jake","664983","2023","67","62","26",".243",".326",".305","26","4","5","30",".244",
"Clemens, Kody","665019","2023","32","40","8",".230",".367",".295","0","1","1","10",".222",
"Walsh, Jared","665120","2023","13","45","11",".125",".279",".164","0","1","1","2",".147",
"Maton, Nick","665155","2023","43","73","38",".173",".305",".206","1","4","3","7",".192",
"Pena, Jeremy","665161","2023","152","129","43",".263",".381",".323","13","11","9","66",".254",
"Tatis Jr., Fernando","665487","2023","148","141","53",".257",".449",".299","29","17","3","58",".282",
"Guerrero Jr., Vladimir","665489","2023","159","100","67",".264",".444",".277","5","23","9","51",".291",
"Soto, Juan","665742","2023","156","129","132",".275",".519",".296","12","18","2","60",".281",
"Taveras, Leody","665750","2023","136","117","35",".266",".421",".318","14","3","1","50",".270",
"Amaya, Miguel","665804","2023","28","40","12",".214",".359",".264","0","2","11","8",".226",
"Cabrera, Oswaldo","665828","2023","63","72","25",".211",".299",".260","8","6","2","26",".209",
"Valdez, Enmanuel","665839","2023","37","37","8",".266",".453",".323","5","4","1","16",".232",
"Chisholm Jr., Jazz","665862","2023","88","118","26",".250",".457",".318","22","4","2","32",".224",
"Ruiz, Esteury","665923","2023","114","99","20",".254",".345",".315","67","7","16","47",".235",
"Gimenez, Andres","665926","2023","140","112","32",".251",".399",".289","30","10","20","50",".245",
"Aranda, Jonathan","666018","2023","20","31","13",".230",".368",".327","0","1","2","8",".193",
"Fermin, Freddy","666023","2023","61","50","13",".281",".461",".323","0","11","1","23",".274",
"Jones, Nolan","666134","2023","109","126","53",".297",".542",".401","20","1","3","38",".247",
"Kirilloff, Alex","666135","2023","76","80","28",".270",".445",".337","1","2","7","18",".260",
"Lowe, Josh","666139","2023","136","124","31",".292",".500",".357","32","6","1","39",".277",
"Fletcher, Dominic","666150","2023","28","22","7",".301",".441",".377","0","0","0","14",".220",
"Moniak, Mickey","666160","2023","87","113","9",".280",".495",".397","6","4","3","21",".245",
"Sabol, Blake","666165","2023","73","117","24",".235",".394",".330","4","4","6","30",".198",
"Benson, Will","666181","2023","79","103","40",".275",".498",".391","19","3","1","21",".230",
"Bichette, Bo","666182","2023","175","115","27",".306",".475",".355","5","14","2","53",".308",
"Carlson, Dylan","666185","2023","48","49","26",".219",".333",".256","3","4","7","14",".237",
"Naylor, Bo","666310","2023","47","53","30",".237",".470",".267","5","2","1","11",".218",
"Julien, Edouard","666397","2023","89","128","64",".263",".459",".371","3","8","2","22",".234",
"Morel, Christopher","666624","2023","96","133","36",".247",".508",".303","6","7","2","28",".248",
"Castro, Rodolfo","666801","2023","48","74","23",".211",".322",".284","1","4","5","23",".185",
"Alu, Jake","666906","2023","36","42","10",".226",".289",".291","5","2","3","16",".239",
"Garcia, Adolis","666969","2023","136","175","65",".245",".508",".280","9","12","6","35",".249",
"Gurriel Jr., Lourdes","666971","2023","144","103","33",".261",".463",".282","5","20","6","38",".262",
"Julks, Corey","667452","2023","73","75","22",".245",".352",".306","15","6","1","31",".246",
"Rooker Jr., Brent","667670","2023","114","172","49",".246",".488",".317","4","11","10","24",".238",
"Arozarena, Randy","668227","2023","140","156","80",".254",".425",".310","22","10","18","56",".242",
"Pratto, Nick","668472","2023","71","138","29",".232",".353",".388","1","3","6","14",".207",
"Rogers, Jake","668670","2023","73","118","28",".221",".444",".268","1","6","3","13",".229",
"Bleday, JJ","668709","2023","50","72","42",".195",".355",".226","5","3","2","18",".202",
"Steer, Spencer","668715","2023","158","139","68",".271",".464",".318","15","9","11","45",".250",
"Baddoo, Akil","668731","2023","68","89","42",".218",".372",".268","14","4","0","26",".216",
"Knizner, Andrew","668800","2023","54","62","12",".241",".424",".288","2","8","3","23",".220",
"Reynolds, Bryan","668804","2023","151","138","53",".263",".460",".304","12","13","7","43",".278",
"Vientos, Mark","668901","2023","46","71","10",".211",".367",".264","1","5","3","19",".234",
"Lewis, Royce","668904","2023","67","55","20",".309",".548",".354","6","5","2","17",".264",
"Turang, Brice","668930","2023","88","94","38",".218",".300",".268","26","9","1","34",".224",
"Rutschman, Adley","668939","2023","163","101","92",".277",".435",".303","1","14","2","50",".290",
"Rojas, Josh","668942","2023","77","81","27",".245",".338",".313","12","3","1","24",".227",
"Melendez Jr., MJ","669004","2023","125","170","62",".235",".398",".311","6","4","3","43",".233",
"Marsh, Brandon","669016","2023","112","144","59",".277",".458",".397","10","4","4","43",".233",
"Langeliers, Shea","669127","2023","92","143","34",".205",".413",".246","3","10","5","26",".216",
"Campusano, Luis","669134","2023","52","21","7",".319",".491",".331","0","8","3","17",".300",
"Murphy, Sean","669221","2023","93","98","49",".251",".478",".286","0","18","18","27",".272",
"Senzel, Nick","669222","2023","71","74","26",".236",".399",".269","6","9","1","21",".244",
"Edman, Tommy","669242","2023","119","84","35",".248",".399",".275","27","9","7","50",".260",
"Smith, Will","669257","2023","121","89","63",".261",".438",".277","3","8","15","40",".261",
"Suwinski, Jack","669261","2023","100","172","75",".224",".454",".290","13","2","6","20",".218",
"Espinal, Santiago","669289","2023","57","36","18",".248",".335",".285","2","5","3","17",".251",
"Miranda, Jose","669304","2023","30","24","9",".211",".303",".235","0","8","1","9",".238",
"Gorman, Nolan","669357","2023","96","148","53",".236",".478",".296","7","5","3","15",".238",
"Burger, Jake","669394","2023","123","149","32",".250",".518",".284","1","4","12","36",".268",
"Allen, Nick","669397","2023","67","52","17",".221",".287",".253","5","8","1","37",".218",
"Schmitt, Casey","669477","2023","52","65","13",".206",".324",".253","2","7","5","12",".231",
"Smith, Josh H.","669701","2023","36","55","25",".185",".328",".222","1","3","9","14",".210",
"Triolo, Jared","669707","2023","54","63","24",".298",".398",".440","6","0","3","15",".250",
"Hays, Austin","669720","2023","143","141","38",".275",".444",".345","5","11","3","50",".241",
"Call, Alex","669743","2023","75","78","53",".200",".307",".230","9","1","6","28",".216",
"Toglia, Michael","669911","2023","23","50","10",".163",".284",".218","1","3","1","4",".201",
"Lopez, Nicky","670032","2023","52","40","26",".231",".307",".276","6","3","6","20",".231",
"Raley, Luke","670042","2023","89","128","28",".249",".490",".330","14","2","18","35",".225",
"Short, Zack","670097","2023","45","66","28",".204",".339",".255","5","3","0","14",".211",
"Mastrobuoni, Miles","670156","2023","32","32","13",".241",".301",".310","13","1","0","8",".259",
"Wallner, Matt","670242","2023","53","80","28",".249",".507",".328","2","1","13","11",".233",
"Alvarez, Yordan","670541","2023","120","92","69",".293",".583",".306","0","7","13","31",".299",
"Paredes, Isaac","670623","2023","123","104","58",".250",".488",".257","1","11","20","25",".226",
"Walls, Taylor","670764","2023","61","92","44",".201",".333",".261","22","1","1","17",".202",
"Friedl Jr., TJ","670770","2023","136","90","47",".279",".467",".308","27","0","10","54",".240",
"Casas, Triston","671213","2023","113","126","70",".263",".490",".317","0","7","1","25",".251",
"Waters, Drew","671221","2023","69","107","27",".228",".377",".321","16","4","5","13",".235",
"Garcia, Luis","671277","2023","119","60","27",".266",".385",".286","9","10","0","42",".262",
"Freeman, Tyler","671289","2023","37","30","10",".242",".366",".275","5","3","2","13",".269",
"Butler, Lawrence","671732","2023","26","35","4",".211",".341",".259","0","5","1","8",".230",
"Harris II, Michael","671739","2023","148","101","25",".293",".477",".334","20","8","5","62",".301",
"Bailey, Patrick","672275","2023","76","100","21",".233",".359",".314","1","8","3","21",".247",
"Kelenic, Jarred","672284","2023","94","132","41",".253",".419",".359","13","6","1","26",".263",
"Arias, Gabriel","672356","2023","66","113","28",".210",".352",".290","3","9","1","24",".227",
"Kirk, Alejandro","672386","2023","93","45","42",".250",".358",".265","0","21","6","36",".249",
"Diaz, Jordan","672478","2023","60","69","17",".221",".364",".258","0","10","3","25",".225",
"Moreno, Gabriel","672515","2023","97","75","29",".284",".408",".338","6","17","3","41",".263",
"Garcia, Maikel","672580","2023","126","115","38",".272",".358",".344","23","9","2","52",".270",
"Perdomo, Geraldo","672695","2023","100","86","64",".246",".359",".295","16","2","6","35",".201",
"Peraza, Oswald","672724","2023","33","50","13",".191",".272",".256","4","1","5","15",".222",
"Marcano, Tucupita","672779","2023","47","35","10",".233",".356",".265","5","2","3","15",".246",
"Sosa, Lenyn","672820","2023","33","40","5",".201",".348",".227","0","3","0","9",".253",
"Diaz, Yainer","673237","2023","100","74","11",".282",".538",".292","0","12","5","27",".287",
"Robert Jr., Luis","673357","2023","144","172","30",".264",".542",".314","20","10","12","36",".259",
"Kim, Ha-Seong","673490","2023","140","124","75",".260",".398",".306","38","7","3","45",".243",
"Suzuki, Seiya","673548","2023","147","130","59",".285",".485",".341","6","8","2","52",".282",
"Jung, Josh","673962","2023","127","151","30",".266",".467",".340","1","7","5","38",".256",
"Smith, Kevin","675656","2023","25","51","5",".185",".326",".253","1","3","1","10",".178",
"Williams, Alika","675961","2023","20","35","9",".198",".248",".303","0","2","1","7",".201",
"Westburg, Jordan","676059","2023","54","56","16",".260",".404",".336","4","3","1","16",".257",
"Noda, Ryan","676116","2023","93","170","77",".229",".406",".347","3","4","10","25",".212",
"Velazquez, Nelson","676369","2023","38","51","14",".235",".586",".221","0","3","2","6",".256",
"Burleson, Alec","676475","2023","77","45","23",".244",".390",".261","3","13","3","27",".268",
"Barrero, Jose","676480","2023","29","44","15",".218",".323",".307","3","1","0","10",".217",
"Caballero, Jose","676609","2023","51","66","28",".221",".320",".285","26","0","17","18",".208",
"Meyers, Jake","676694","2023","70","88","26",".227",".382",".283","5","2","5","24",".214",
"Trejo, Alan","676701","2023","48","51","16",".232",".343",".286","5","3","1","15",".233",
"McCormick, Chas","676801","2023","110","117","40",".273",".489",".331","19","3","11","33",".248",
"Schneider, Davis","676914","2023","32","43","21",".276",".603",".369","1","2","4","3",".214",
"Batten, Matthew","676946","2023","31","30","17",".258",".358",".330","2","0","1","15",".211",
"Franco, Wander","677551","2023","124","69","42",".281",".475",".297","30","18","3","36",".297",
"Pereira, Everson","677592","2023","14","40","8",".151",".194",".264","4","1","2","5",".207",
"Rodriguez, Julio","677594","2023","180","175","47",".275",".485",".330","37","14","11","69",".275",
"Mauricio, Ronny","677595","2023","25","31","7",".248",".347",".338","7","2","0","9",".239",
"Duran, Ezequiel","677649","2023","112","120","23",".276",".443",".358","8","7","7","39",".254",
"Thomas, Alek","677950","2023","86","86","19",".230",".374",".273","9","5","4","37",".249",
"Witt Jr., Bobby","677951","2023","177","121","40",".276",".495",".295","49","11","4","56",".297",
"Meadows, Parker","678009","2023","29","37","17",".232",".368",".302","8","0","2","8",".248",
"Bae, Ji Hwan","678225","2023","77","92","30",".231",".311",".310","24","4","2","38",".224",
"Vargas, Miguel","678246","2023","50","61","38",".195",".367",".224","3","1","4","11",".211",
"Tovar, Ezequiel","678662","2023","147","166","25",".253",".408",".328","11","10","4","42",".247",
"Peguero, Liover","678894","2023","47","67","11",".237",".374",".320","6","6","1","19",".225",
"Rojas, Johan","679032","2023","45","42","5",".302",".430",".410","14","1","4","20",".247",
"Torkelson, Spencer","679529","2023","141","171","67",".233",".446",".269","3","15","6","27",".251",
"Blanco, Dairon","680118","2023","32","33","10",".258",".452",".330","24","2","2","12",".243",
"McLain, Matt","680574","2023","106","115","31",".290",".507",".385","14","5","7","34",".255",
"Palacios, Richie","680700","2023","24","11","6",".258",".516",".234","2","1","1","9",".244",
"Kwan, Steven","680757","2023","171","75","70",".268",".370",".294","21","9","3","69",".282",
"Duran, Jarren","680776","2023","98","90","24",".295",".482",".381","24","3","3","30",".266",
"Jeffers, Ryan","680777","2023","79","93","33",".276",".490",".359","3","6","10","31",".232",
"Davis, Henry","680779","2023","48","69","25",".213",".351",".273","3","3","4","19",".220",
"Gelof, Zack","680869","2023","72","82","26",".267",".504",".331","14","5","3","19",".250",
"Miller, Owen","680911","2023","76","61","17",".261",".371",".310","13","6","2","24",".251",
"Donovan, Brendan","680977","2023","93","53","33",".284",".422",".311","5","4","9","34",".283",
"Stott, Bryson","681082","2023","164","100","39",".280",".419",".312","31","10","7","62",".267",
"Bride, Jonah","681146","2023","15","22","11",".170",".205",".221","0","3","4","3",".239",
"O'Hoppe, Logan","681351","2023","43","48","14",".236",".500",".240","0","4","2","10",".260",
"Carpenter, Kerry","681481","2023","116","115","32",".278",".471",".338","6","5","8","41",".258",
"Outman, James","681546","2023","120","181","68",".248",".437",".343","16","4","12","36",".228",
"Villar, David","681584","2023","18","45","11",".145",".315",".173","1","1","4","2",".207",
"Fry, David","681807","2023","24","30","8",".238",".416",".299","2","3","4","5",".242",
"Marte, Noelvi","682622","2023","36","25","8",".316",".456",".384","6","1","1","17",".296",
"Alvarez, Francisco","682626","2023","80","110","34",".209",".437",".222","2","14","6","20",".208",
"Matos, Luis","682641","2023","57","33","20",".250",".342",".285","3","3","3","18",".260",
"De La Cruz, Elly","682829","2023","91","144","35",".235",".410",".336","35","6","2","35",".238",
"Rodriguez, Endy","682848","2023","41","49","17",".220",".328",".281","0","3","0","5",".230",
"Abrams, CJ","682928","2023","138","118","32",".245",".412",".279","47","7","13","52",".248",
"Greene, Riley","682985","2023","109","114","35",".288",".447",".384","7","7","1","33",".287",
"Carroll, Corbin","682998","2023","161","125","57",".285",".506",".325","54","7","13","59",".269",
"Henderson, Gunnar","683002","2023","143","159","56",".255",".489",".306","10","10","3","50",".258",
"Volpe, Anthony","683011","2023","113","167","52",".209",".383",".259","24","10","5","27",".229",
"Baty, Brett","683146","2023","75","109","29",".212",".323",".280","2","8","2","26",".236",
"Vaughn, Andrew","683734","2023","146","129","36",".258",".429",".299","0","15","11","49",".249",
"Frelick, Sal","686217","2023","47","37","28",".246",".351",".286","7","2","1","21",".236",
"Pasquantino, Vinnie","686469","2023","57","31","25",".247",".437",".250","0","7","2","13",".279",
"Canzone, Dominic","686527","2023","38","32","8",".220",".399",".237","1","5","1","10",".257",
"Doyle, Brenton","686668","2023","81","151","22",".203",".343",".295","22","9","4","32",".203",
"Massey, Michael","686681","2023","98","99","24",".229",".381",".261","6","3","4","19",".259",
"Brennan, Will","686823","2023","115","57","16",".266",".356",".296","13","4","5","44",".282",
"Wiemer Jr., Joey","686894","2023","75","116","36",".204",".362",".258","11","4","5","29",".210",
"Neto, Zach","687263","2023","65","77","20",".225",".377",".272","5","5","16","18",".226",
"Marlowe, Cade","687799","2023","21","33","12",".239",".420",".346","4","1","0","5",".193",
"Encarnacion-Strand, Christian","687952","2023","60","69","14",".270",".477",".336","2","5","5","13",".268",
"Wisely, Brett","689172","2023","21","40","9",".175",".267",".241","2","2","0","5",".182",
"Soderstrom, Tyler","691016","2023","20","43","11",".160",".240",".212","0","6","1","8",".207",
"Walker, Jordan","691023","2023","116","104","37",".276",".445",".331","7","9","6","48",".268",
"Winn, Masyn","691026","2023","21","26","10",".172",".238",".196","2","1","0","9",".214",
"Colas, Oscar","693049","2023","53","71","12",".216",".314",".281","4","5","2","29",".222",
"Gonzales, Nick","693304","2023","24","36","6",".209",".348",".278","0","0","4","9",".201",
"Schanuel, Nolan","694384","2023","30","19","20",".275",".330",".326","0","1","3","12",".280",
"Young, Jacob","696285","2023","27","22","10",".252",".336",".318","13","2","1","15",".230",
"Yoshida, Masataka","807799","2023","155","81","34",".289",".445",".316","8","20","7","57",".269",